Segment K-Means,Age,Annual Income (k$),Spending Score (1-100),Frequency,Percentage
0,25.0,25.26086956521739,77.6086956521739,23,0.115
1,56.333333333333336,54.266666666666666,49.06666666666667,45,0.225
2,41.93939393939394,88.93939393939394,16.96969696969697,33,0.165
3,26.794871794871796,57.1025641025641,48.12820512820513,39,0.195
4,32.69230769230769,86.53846153846153,82.12820512820512,39,0.195
5,45.523809523809526,26.285714285714285,19.38095238095238,21,0.105
